{"cameraMode":{"drawMode":0,"name":"Shaded","section":"Shading Mode"},"sceneLighting":false,"audioPlay":false,"sceneViewState":{"showFog":true,"showMaterialUpdate":false,"showSkybox":false,"showFlares":true,"showImageEffects":true,"showParticleSystems":true},"in2DMode":false,"pivot":{"x":-2.0895330905914308,"y":1.2435129880905152,"z":-1.0209565162658692},"rotation":{"x":0.18796101212501527,"y":-0.358722060918808,"z":0.07398653775453568,"w":0.9113260507583618},"size":6.321564674377441,"orthographic":false}